name,gender
آداب,Female
آسية,Female
آلاء,Female
آمال,Female
الآيات,Female
إباء,Female
إبتكار,Female
إبتهال,Female
إتفاق,Female
إجلال,Female
إحتفاظ,Female
إخلاص,Female
إدراك,Female
أذينة,Female
أرب,Female
أرزة,Female
ارتياد,Female
أرواح,Female
أزاهير,Female
أزهار,Female
أسرار,Female
أسما,Female
أسوة,Female
أشواق,Female
اصطلاح,Female
أصيلة,Female
أضواء,Female
اعتماد,Female
إعجاز,Female
أعناب,Female
إغراء,Female
إفتخار,Female
أفراح,Female
أفكار,Female
إقبال,Female
إكتمال,Female
ألى,Female
ألغاز,Female
أماثل,Female
إمامة,Female
أماني,Female
إمتلاك,Female
أمل,Female
أمنية,Female
أميرة,Female
أمنية,Female
انتصار,Female
انسجام,Female
إنصاف,Female
إنعام,Female
أنهار,Female
أنوف,Female
اهتمام,Female
إيمان,Female
آسة,Female
آصال,Female
آمال,Female
آمنة,Female
آية,Female
إبتسام,Female
إبتهاج,Female
أبية,Female
إجتهاد,Female
إحتشام,Female
أحلام,Female
أدب,Female
أدبية,Female
إرادة,Female
إرتقاء,Female
إرتداء,Female
أريبة,Female
إزار,Female
ازدهار,Female
إسراء,Female
أسمى,Female
أسمهان,Female
إشراف,Female
أصالة,Female
إصلاح,Female
أضاليا,Female
اعتدال,Female
اعتقاد,Female
إعزاز,Female
إغاثة,Female
إفتتان,Female
إفتكار,Female
إفضال,Female
أفنان,Female
إقتدار,Female
إكرام,Female
الطاف,Female
أُلفت,Female
أمارة,Female
أمان,Female
امتثال,Female
إمتنان,Female
أملي,Female
أمواج,Female
أميمة,Female
أميّة,Female
انتصاف,Female
انشراح,Female
إنطلاق,Female
أنماء,Female
أنوار,Female
أنيسة,Female
أوراد,Female
إيناس,Female
اداب,Female
اسية,Female
الاء,Female
امال,Female
الآيات,Female
اباء,Female
ابتكار,Female
ابتهال,Female
اتفاق,Female
اجلال,Female
احتفاظ,Female
اخلاص,Female
ادراك,Female
اذينة,Female
ارب,Female
ارزة,Female
ارتياد,Female
ارواح,Female
ازاهير,Female
ازهار,Female
اسرار,Female
اسما,Female
اسوة,Female
اشواق,Female
اصطلاح,Female
اصيلة,Female
اضواء,Female
اعتماد,Female
اعجاز,Female
اعناب,Female
اغراء,Female
افتخار,Female
افراح,Female
افكار,Female
اقبال,Female
اكتمال,Female
الى,Female
الغاز,Female
اماثل,Female
امامة,Female
اماني,Female
امتلاك,Female
امل,Female
امنية,Female
اميرة,Female
امنية,Female
انتصار,Female
انسجام,Female
انصاف,Female
انعام,Female
انهار,Female
انوف,Female
اهتمام,Female
ايمان,Female
اسة,Female
اصال,Female
امال,Female
امنة,Female
اية,Female
ابتسام,Female
ابتهاج,Female
ابية,Female
اجتهاد,Female
احتشام,Female
احلام,Female
ادب,Female
ادبية,Female
ارادة,Female
ارتقاء,Female
ارتداء,Female
اريبة,Female
ازار,Female
ازدهار,Female
اسراء,Female
اسمى,Female
اسمهان,Female
اشراف,Female
اصالة,Female
اصلاح,Female
اضاليا,Female
اعتدال,Female
اعتقاد,Female
اعزاز,Female
اغاثة,Female
افتتان,Female
افتكار,Female
افضال,Female
افنان,Female
اقتدار,Female
اكرام,Female
الطاف,Female
اُلفت,Female
امارة,Female
امان,Female
امتثال,Female
امتنان,Female
املي,Female
امواج,Female
اميمة,Female
اميّة,Female
انتصاف,Female
انشراح,Female
انطلاق,Female
انماء,Female
انوار,Female
انيسة,Female
اوراد,Female
ايناس,Female
بادية,Female
باذلة,Female
بارقة,Female
بازخة,Female
باسطة,Female
باسلة,Female
بانية,Female
بتول,Female
بثينة,Female
بجاء,Female
بحبوحة,Female
بحيرة,Female
بداعة,Female
بدر,Female
بدرة,Female
بداعة,Female
بدوية,Female
بديهة,Female
برزاخ,Female
براقة,Female
برشاء,Female
بَرَكَة,Female
برهة,Female
برلنتي,Female
بريئة,Female
بريهة,Female
بسّامة,Female
بسمة,Female
بشاشة,Female
بشوش,Female
بشيرة,Female
بعثية,Female
بغية,Female
بقية,Female
بلال,Female
بلقيس,Female
بنانة,Female
بهار,Female
بهان,Female
بهيجة,Female
بوران,Female
بيداء,Female
بيّنة,Female
باحثة,Female
باذخة,Female
بارعة,Female
بارهة,Female
بازغة,Female
باسقة,Female
باسمة,Female
باهرة,Female
بتلاء,Female
بثينة,Female
بجيلة,Female
بحرة,Female
بدائع,Female
بداهة,Female
الدجى,Female
بدرية,Female
بدور,Female
بديعة,Female
براءة,Female
براعة,Female
بردة,Female
برزة,Female
بِركة,Female
برة,Female
برواز,Female
بريكة,Female
بزيعة,Female
بسماء,Female
بسوس,Female
بشرى,Female
بشرى,Female
بصيرة,Female
بغام,Female
بقاء,Female
بلاغت,Female
بلبلة,Female
بليغة,Female
بنفسج,Female
بهاجت,Female
بهجة,Female
بهية,Female
بيان,Female
بيسان,Female
تالدة,Female
تاله,Female
تامّة,Female
تبيان,Female
تحبب,Female
تحييد,Female
تذكار,Female
ترجمانة,Female
تسامح,Female
تشريف,Female
تغريد,Female
تفضيل,Female
تقاء,Female
تلال,Female
تلة,Female
تليدة,Female
تماضر,Female
تمرة,Female
تنسيم,Female
تهاني,Female
تهيئة,Female
توتة,Female
تودد,Female
توفيقة,Female
تيماء,Female
تاجية,Female
تامرة,Female
تبر,Female
تجويد,Female
تحفة,Female
تحية,Female
ترتيل,Female
ترف,Female
تسنيم,Female
تعطف,Female
تفاحة,Female
تفيدة,Female
تقية,Female
تلطيف,Female
تلجة,Female
تمارة,Female
تمام,Female
تميمة,Female
تهامة,Female
تهنيد,Female
توبة,Female
توحيدة,Female
توسل,Female
تيجان,Female
ثابرة,Female
ثبات,Female
ثراء,Female
ثرا,Female
ثقة,Female
ثمراء,Female
ثمرة,Female
ثمية,Female
ثواب,Female
ثولة,Female
ثابتة,Female
ثائرة,Female
ثباتة,Female
ثرمدة,Female
ثقاف,Female
ثمار,Female
ثمرات,Female
ثمينة,Female
ثناء,Female
ثوبية,Female
ثومة,Female
جابرة,Female
جازية,Female
جاسرة,Female
جامعة,Female
جداول,Female
جدول,Female
جذوة,Female
جرأة,Female
جريئة,Female
جفنة,Female
جلالة,Female
جليلة,Female
جمالات,Female
جمانة,Female
جملات,Female
جنات,Female
جهاد,Female
جهيدي,Female
جهينة,Female
جهيزة,Female
جواهر,Female
جودة,Female
جوزاء,Female
جوزة,Female
جويرية,Female
جيداء,Female
جيلان,Female
جائزة,Female
جاذبة,Female
جازمة,Female
جاسمة,Female
جاهدة,Female
جدوى,Female
جذابة,Female
جراءة,Female
جرداء,Female
جزيلة,Female
جلاء,Female
جلنار,Female
جمال,Female
جمان,Female
جمرة,Female
جميلة,Female
جنان,Female
جهام,Female
جهيدة,Female
جهيرة,Female
جوائز,Female
جوداء,Female
جورية,Female
جوزات,Female
جوهرة,Female
جياد,Female
جيدا,Female
جيهان,Female
حادبة,Female
حازمة,Female
حاشدة,Female
حاضرة,Female
حافظة,Female
جالمة,Female
حبابة,Female
حبور,Female
حجلى,Female
حُسن,Female
حسناء,Female
حسينة,Female
حشماء,Female
حشود,Female
حصانة,Female
حصيفة,Female
حظوظ,Female
حفصة,Female
حفية,Female
حكاية,Female
حلا,Female
حلاوة,Female
حلوم,Female
حليمة,Female
حمامة,Female
حميدة,Female
حمية,Female
حنوف,Female
حنيفة,Female
حورية,Female
حياة,Female
حاتمة,Female
حادية,Female
حاسبة,Female
حاصنة,Female
حاضنة,Female
حاكمة,Female
حامدة,Female
حبقة,Female
حبيبة,Female
حدبا,Female
حسنى,Female
حسنة,Female
حسيبة,Female
حشمة,Female
حَصان,Female
حصة,Female
حصينة,Female
حفانة,Female
حفيظة,Female
حكايات,Female
حكيمة,Female
حلال,Female
حليمة,Female
حلو,Female
حليلة,Female
حمدة,Female
حميمة,Female
حنان,Female
حُنون,Female
حنية,Female
حياء,Female
حياتي,Female
خازمة,Female
خاشعة,Female
خاضعة,Female
خالدية,Female
خبيرة,Female
خجول,Female
خديجة,Female
خزانة,Female
خزيمي,Female
خصيبة,Female
خضرا,Female
خفر,Female
خلابة,Female
خليلة,Female
خمر,Female
خنساء,Female
خوخة,Female
خيار,Female
خيرة,Female
خيزران,Female
خاتمة,Female
خازنة,Female
خاشية,Female
خاطرة,Female
خالصة,Female
ختام,Female
خدوج,Female
خزامى,Female
خزنة,Female
خصاب,Female
خضاب,Female
خضرة,Female
خفيرة,Female
خلود,Female
خمائل,Female
خميلة,Female
خواطر,Female
خولة,Female
خيرات,Female
خيرية,Female
داجنة,Female
جارية,Female
دافئة,Female
دامالسرور,Female
دامالعز,Female
دانية,Female
دجى,Female
درداء,Female
درماء,Female
درر,Female
دعابة,Female
دعد,Female
دقيقة,Female
دلع,Female
دليلة,Female
دمية,Female
دنيا,Female
دؤوب,Female
دولت,Female
ديمة,Female
دائبة,Female
دارجة,Female
داعية,Female
دافعة,Female
دامالهنا,Female
دثار,Female
دجانة,Female
درقاء,Female
درة,Female
درية,Female
دعجاء,Female
دفاع,Female
دلاعة,Female
دلوعة,Female
دمثاء,Female
دنانير,Female
دُهيما,Female
دوحة,Female
ديانة,Female
دينة,Female
ذائعة,Female
ذاخرة,Female
ذاكية,Female
ذراع,Female
ذُكاء,Female
ذكرى,Female
ذلفا,Female
ذمة,Female
ذائدة,Female
ذائعة,Female
ذاكرة,Female
ذرى,Female
ذروة,Female
ذَكاء,Female
ذكية,Female
ذمام,Female
ذهنية,Female
رائدة,Female
رائعة,Female
رابعة,Female
راتبة,Female
راجحة,Female
راحبة,Female
رادة,Female
رادفة,Female
رازنة,Female
راسخة,Female
راشدة,Female
راعية,Female
راغدة,Female
رافعة,Female
رافعة,Female
رامزة,Female
رانية,Female
راوية,Female
راية,Female
رباب,Female
ربحية,Female
ربعة,Female
رتيبة,Female
رحاب,Female
رحمة,Female
رُخاء,Female
رخيمة,Female
رُدينة,Female
رزان,Female
رسمية,Female
رشا,Female
رشدية,Female
رشيقة,Female
رصينة,Female
رضاب,Female
رُطب,Female
رعاية,Female
رغباء,Female
رغداء,Female
رغيدة,Female
رفاه,Female
رفعة,Female
رفيقة,Female
رُلى,Female
رمثة,Female
رمزية,Female
رمضاء,Female
رنيم,Female
رهان,Female
رهيفة,Female
رِوى,Female
رواية,Female
روضة,Female
رويدا,Female
روية,Female
رياض,Female
ريحانة,Female
ريعة,Female
ريما,Female
ريا,Female
رية,Female
رؤى,Female
رئال,Female
رابحة,Female
رابية,Female
راتعة,Female
راجية,Female
راحمة,Female
رادعة,Female
رازقية,Female
رازية,Female
راسمة,Female
راضية,Female
راغبة,Female
رافدة,Female
رافلة,Female
راقية,Female
رامشة,Female
راهبة,Female
رايات,Female
رُبى,Female
رُبانة,Female
رباء,Female
ربيعة,Female
رجاء,Female
رحبة,Female
رحيمة,Female
رَخاء,Female
رداح,Female
رذاذ,Female
رسالة,Female
رسيمة,Female
رشدة,Female
رشيدة,Female
رصان,Female
رضا,Female
رضية,Female
رطيبة,Female
رغاب,Female
رغبة,Female
رغدة,Female
رفا,Female
رفيدة,Female
رفيعة,Female
رقيقة,Female
رمانة,Female
رمزة,Female
رنا,Female
رندة,Female
رهاب,Female
رهوة,Female
رُهيفة,Female
رواء,Female
رؤبة,Female
روعة,Female
رؤوم,Female
ريادة,Female
ريحان,Female
رَيدة,Female
ريم,Female
رَينة,Female
ريانة,Female
زاهرة,Female
زاهية,Female
زبرجد,Female
زرافة,Female
زغاريد,Female
زكية,Female
زُلفى,Female
زلوف,Female
زمرد,Female
زمزم,Female
زنبقة,Female
زَها,Female
زَهادة,Female
زهدية,Female
زهر,Female
زهرى,Female
زهيدة,Female
زهية,Female
زينب,Female
زينة,Female
زيان,Female
زاهدة,Female
زاهلة,Female
زَبّاء,Female
زبيدة,Female
زعيمة,Female
زكاء,Female
زلخا,Female
زلما,Female
زليخة,Female
زمردة,Female
زئبق,Female
زنوبيا,Female
زُها,Female
زهدانة,Female
زهراء,Female
الهوى,Female
زهور,Female
زُهيرة,Female
زيزفونة,Female
زينات,Female
زيان,Female
سابغة,Female
ساجدة,Female
ساحرة,Female
سارة,Female
ساعدة,Female
سافرة,Female
سالفة,Female
سالية,Female
سامرة,Female
سامية,Female
سبى,Female
سجوا,Female
سحاب,Female
سَحَر,Female
سخاء,Female
سَدى,Female
سريرة,Female
سِريَّة,Female
سعادات,Female
سعيدة,Female
سكر,Female
سُكَّرة,Female
سكينة,Female
سُلافة,Female
سلطانة,Female
سلّامة,Female
سلوى,Female
سَلوة,Female
سليمة,Female
سماح,Female
سمحة,Female
سميحة,Female
سميعة,Female
سُميّة,Female
سُميا,Female
سنا,Female
سناء,Female
سُهاد,Female
سُهيرة,Female
سُوسان,Female
سيسبان,Female
سيفانة,Female
سابقة,Female
ساترة,Female
ساجية,Female
ساحقة,Female
ساطعة,Female
ساعفة,Female
ساقية,Female
سالمة,Female
سامحة,Female
سامعة,Female
سانحة,Female
سجايا,Female
سجية,Female
سحابة,Female
سحيرة,Female
سخية,Female
سروة,Female
سريعة,Female
سعاد,Female
سَعفة,Female
سفارج,Female
سُكر,Female
سُكّرية,Female
سلافى,Female
سلامة,Female
سُلفة,Female
سلمى,Female
سلوانة,Female
سُليمى,Female
سما,Female
سماهر,Female
سَمَر,Female
سميرة,Female
سُميا,Female
سنى,Female
سهى,Female
سُهَير,Female
سُهيلة,Female
سَوسن,Female
سيسبانة,Female
سيماء,Female
شادية,Female
شارحة,Female
شافية,Female
شامخة,Female
شاهدة,Female
شاهقة,Female
شبك,Female
شدا,Female
شِراع,Female
شُرف,Female
شريفة,Female
شعلة,Female
شِفا,Female
شفيعة,Female
شكرانة,Female
شكيمة,Female
شماء,Female
شمردل,Female
شمسة,Female
شمِول,Female
شهامة,Female
شهدة,Female
شهيدة,Female
شهلا,Female
شهيمة,Female
شوقية,Female
شيماء,Female
شادن,Female
شاذية,Female
شارفة,Female
شاكرة,Female
شاملة,Female
شاهرة,Female
شبا,Female
شجية,Female
شذا,Female
شَرف,Female
شريعة,Female
شعاع,Female
شغلى,Female
شفعة,Female
شكران,Female
شكرية,Female
شلبية,Female
شمائل,Female
شمس,Female
شمعة,Female
شِهادة,Female
شهبا,Female
شَهربة,Female
شهيرة,Female
شهية,Female
شوق,Female
شيحة,Female
صائمة,Female
صابرة,Female
صاعدة,Female
صالحة,Female
صَبَا,Female
صبح,Female
صباحة,Female
صبحا,Female
صبرية,Female
صبور,Female
صحا,Female
صدوق,Female
صديقة,Female
صفا,Female
صفية,Female
صوى,Female
صيران,Female
صائبة,Female
صابحة,Female
صادقة,Female
صافية,Female
صبا,Female
صِبا,Female
صباح,Female
صبحَى,Female
صبحية,Female
صبوح,Female
صبيحة,Female
صحوة,Female
صديقة,Female
صراط,Female
صفوة,Female
صهبا,Female
صولة,Female
ضارعة,Female
ضامنة,Female
ضُحى,Female
ضحوك,Female
ضميمة,Female
ضيفة,Female
ضاحكة,Female
ضامرة,Female
ضاوية,Female
ضحوة,Female
ضرام,Female
ضياء,Female
طافية,Female
طامحة,Female
طرفاء,Female
طريفة,Female
طلى,Female
طلاب,Female
طلحة,Female
طهور,Female
طيوب,Female
طائعة,Female
طالبة,Female
طاهرة,Female
طروب,Female
طفلة,Female
طلا,Female
طلاوة,Female
طليحة,Female
طيبة,Female
ظاعنة,Female
ظبى,Female
ظبية,Female
ظُروف,Female
ظعينة,Female
ظفر,Female
ظلال,Female
ظهرية,Female
ظهيرة,Female
ظافرة,Female
ظاهرة,Female
ظَبا,Female
ظروف,Female
ظريفة,Female
ظِفار,Female
ظفرة,Female
ظليلة,Female
ظهور,Female
ظواهر,Female
عائشة,Female
عابرة,Female
عارفة,Female
عاطرة,Female
عاقلة,Female
عالمة,Female
عامرة,Female
عاهدة,Female
عبلا,Female
عبيدة,Female
عتاب,Female
عَدلية,Female
عديلة,Female
عرنة,Female
عروبة,Female
عرينة,Female
عزة,Female
عزمات,Female
عزيزة,Female
عصافير,Female
عصمة,Female
عطايا,Female
عطفة,Female
عطوف,Female
عطيَّة,Female
عفاف,Female
عفراء,Female
علالة,Female
علاّمة,Female
علياء,Female
علية,Female
عمشا,Female
عمرة,Female
عِناس,Female
عنبرة,Female
عناية,Female
عندلة,Female
عنم,Female
عُنابة,Female
عنوة,Female
عواطف,Female
عين,Female
عيناليقين,Female
عَيوف,Female
عائدة,Female
عابدة,Female
عاتكة,Female
عاصمة,Female
عاطفة,Female
عاكنة,Female
عالية,Female
عاملة,Female
عُبرة,Female
عبلة,Female
عبير,Female
عدلة,Female
عدوة,Female
عذبة,Female
عروب,Female
عروبة,Female
عروة,Female
عُزّى,Female
عِزة,Female
عزمة,Female
عشيرة,Female
عصفورة,Female
عطاف,Female
عطرية,Female
عطوة,Female
عطيات,Female
عفا,Female
عقيلة,Female
علامة,Female
علوة,Female
عليا,Female
عمامة,Female
عمشة,Female
عنادل,Female
عَنبر,Female
عنايات,Female
عِنَب,Female
عندليب,Female
عُناب,Female
عنيزة,Female
عهد,Female
عهود,Female
عيشة,Female
الحياة,Female
عَيوش,Female
عيينة,Female
غارسة,Female
غالبة,Female
غانية,Female
غِرار,Female
غرام,Female
غرسة,Female
غزل,Female
عزوة,Female
غفران,Female
غلامة,Female
غلواء,Female
غناء,Female
غُنوة,Female
غنية,Female
غيثاء,Female
غيد,Female
غيسانة,Female
غادة,Female
غازية,Female
غالية,Female
غاية,Female
غراس,Female
غرة,Female
غزالة,Female
غزلان,Female
غطْفا,Female
غلا,Female
غلفا,Female
غنى,Female
غندورة,Female
غنيمة,Female
غورة,Female
غياثة,Female
غيداء,Female
فؤادي,Female
فائقة,Female
فاتن,Female
فاخرة,Female
فارزة,Female
فارهة,Female
فاطمة,Female
فاكهة,Female
فاهمة,Female
فايدة,Female
فتاحة,Female
فتنة,Female
فتية,Female
فخار,Female
فخرية,Female
فدوى,Female
فراست,Female
فرح,Female
فَرْحانة,Female
فردوس,Female
فريال,Female
فريدة,Female
فريعة,Female
فصيحة,Female
فِضَّة,Female
فطانة,Female
فطنة,Female
فطيمة,Female
فكرة,Female
فَلَك,Female
فلفلة,Female
فنن,Female
فهيمة,Female
فوزة,Female
فوقية,Female
فيَّادة,Female
فائدة,Female
فائزة,Female
فاتكة,Female
فاتنة,Female
فادية,Female
فارعة,Female
فاضلة,Female
فاطم,Female
فالحة,Female
فايقة,Female
فتاة,Female
فَتْحية,Female
فتنات,Female
فجر,Female
فخامت,Female
فدى,Female
فُرات,Female
فُرجة,Female
فَرْحى,Female
فرحة,Female
فَرَّاجة,Female
فريحة,Female
فريزة,Female
فصاحة,Female
فضالة,Female
فضيلة,Female
فطمة,Female
فطوم,Female
فطينة,Female
فِكرية,Female
فُلة,Female
فَلَك,Female
فهدة,Female
فوز,Female
فوزية,Female
فيروز,Female
قابلة,Female
قادرة,Female
قانتة,Female
قدسية,Female
قريرة,Female
قسيمة,Female
قطام,Female
قمر,Female
فائدة,Female
قادرة,Female
قادرية,Female
قبساء,Female
قدوة,Female
قِسمة,Female
قطاف,Female
قطيفة,Female
قُمْريّة,Female
كائنة,Female
كاتمة,Female
كاظمة,Female
كاملة,Female
كتمان,Female
كتماء,Female
كرام,Female
كرم,Female
كردان,Female
كفا,Female
كلثوم,Female
كناري,Female
كُهيلة,Female
كوثر,Female
كيان,Female
كاتبة,Female
كاسبة,Female
كافلة,Female
كامية,Female
كتوم,Female
كحيلا,Female
كرامة,Female
كرمة,Female
كريمة,Female
كفاح,Female
كنار,Female
كنانة,Female
كواكب,Female
كوكب,Female
لائمة,Female
لامة,Female
لُباب,Female
لبلبة,Female
لبوة,Female
لحظة,Female
لطائف,Female
لطوف,Female
لطيفة,Female
لمحة,Female
لمعان,Female
لميا,Female
لميس,Female
لِوا,Female
لوزات,Female
لوعة,Female
لونة,Female
لويزة,Female
ليسا,Female
لينة,Female
لآلئ,Female
لابة,Female
لامعة,Female
لُبانة,Female
لبنى,Female
لبيبة,Female
لذيذة,Female
لطافة,Female
لُطفية,Female
لمى,Female
لمسة,Female
لمعة,Female
لمياء,Female
لنا,Female
لواحظ,Female
لوزة,Female
لؤلؤة,Female
لوامة,Female
ليثاء,Female
ليلى,Female
ليا,Female
مآثر,Female
مأثورة,Female
مادحة,Female
مازية,Female
ماضية,Female
مأمونة,Female
ماهرة,Female
مثال,Female
مبرة,Female
مجتبى,Female
محبوبة,Female
محسنة,Female
محمودة,Female
مخلصة,Female
مرادة,Female
مرادى,Female
مرجانة,Female
مرحى,Female
مرانة,Female
مرح,Female
مرشدة,Female
مرفت,Female
مرنان,Female
مروءة,Female
مريم,Female
مزدهى,Female
مزيدة,Female
مزية,Female
مستنار,Female
مُسيّرة,Female
مسرورة,Female
مسيْكة,Female
مشكاة,Female
مشمشة,Female
مضيئة,Female
مطيعة,Female
معاني,Female
مُعَزّز,Female
مُعينة,Female
مفضلة,Female
مفيدة,Female
مقبولة,Female
مقُدَّسة,Female
مكارم,Female
مكية,Female
مَلاذ,Female
ملاك,Female
ملك,Female
مليحة,Female
ممتازة,Female
مميز,Female
منار,Female
مناف,Female
منتزه,Female
منشدة,Female
منصورة,Female
منهج,Female
منيعة,Female
منيفة,Female
مهجة,Female
مهيبة,Female
موافية,Female
مودة,Female
موهبة,Female
مي,Female
ميالة,Female
مياسة,Female
ميّة,Female
ميسر,Female
ميسون,Female
مائسة,Female
ماثلة,Female
ماجدة,Female
مازنة,Female
ماسة,Female
مآل,Female
مانعة,Female
مبتغى,Female
مبروكة,Female
مثال,Female
محاسن,Female
محجوبة,Female
محفوظة,Female
مخدومة,Female
مديحة,Female
مرام,Female
مرايا,Female
مرجوة,Female
مرحة,Female
مرجانة,Female
مرزوقة,Female
مرغوبة,Female
مرمر,Female
مرهوبة,Female
مروة,Female
مزايا,Female
مزنة,Female
مزينة,Female
مستعينة,Female
مستهام,Female
مسرة,Female
مسيكة,Female
مشتهى,Female
مشكورة,Female
مشيرة,Female
مطلوبة,Female
مظلومة,Female
معزّة,Female
معزوزة,Female
مغاني,Female
مفلحة,Female
مقبلة,Female
مقدّس,Female
مقصودة,Female
مكرم,Female
ملاب,Female
ملاطف,Female
ملساء,Female
ملكة,Female
مُليكة,Female
ممدوحة,Female
منى,Female
مناصف,Female
مَنال,Female
منثورة,Female
منشودة,Female
منظومة,Female
منيبة,Female
منيرة,Female
مها,Female
مهدية,Female
موافقة,Female
موجودة,Female
موفقة,Female
موهوبة,Female
ميَّا,Female
ميادة,Female
ميسم,Female
ميساء,Female
ميسرة,Female
ميمونة,Female
نائدة,Female
نابغة,Female
ناجحة,Female
نادرة,Female
ناريمان,Female
ناشئة,Female
ناشطة,Female
ناصرة,Female
ناصفة,Female
ناظرة,Female
ناعمة,Female
نافحة,Female
نافعة,Female
نافية,Female
ناهد,Female
ناهضة,Female
ناهلة,Female
نايفة,Female
نباله,Female
نباه,Female
نبلة,Female
نبيلة,Female
نتيجة,Female
نجابة,Female
نجاة,Female
نجلا,Female
نجوى,Female
نجوة,Female
نجيحة,Female
نجيمة,Female
نخوة,Female
نداء,Female
نديدة,Female
ندية,Female
نردين,Female
نزهة,Female
نسار,Female
نسمات,Female
نسيبة,Female
نُسيكة,Female
نشامة,Female
نشوانة,Female
نشيدة,Female
نصيحة,Female
نَضار,Female
نظيمة,Female
نظيفة,Female
نُعمى,Female
نُعمة,Female
نعيمة,Female
نغمة,Female
نفل,Female
نقاوت,Female
نقية,Female
نمرة,Female
نهى,Female
نهاد,Female
نهايت,Female
نهلى,Female
نوار,Female
نوال,Female
نوَر,Female
نورالصباح,Female
نوره,Female
نورية,Female
نوفة,Female
نيروز,Female
نآد,Female
نائلة,Female
ناثرة,Female
ناجية,Female
نادية,Female
نازك,Female
ناشدة,Female
ناصحة,Female
ناصعة,Female
ناضرة,Female
ناظمة,Female
ناغية,Female
نافذة,Female
ناقلة.,Female
نامية,Female
ناهزة,Female
ناهل,Female
ناهية,Female
نبال,Female
نباهة,Female
نبراس,Female
نبوغ,Female
نبيهة,Female
نجا,Female
نجاح,Female
نجاد,Female
نجمة,Female
نجود,Female
نجيبة,Female
نجيدة,Female
نجية,Female
ندى,Female
ندرة,Female
نديمة,Female
نرجس,Female
نزاكة,Female
نزيهة,Female
نسرين,Female
نسمة,Female
نُسَيبة,Female
نُسيمة,Female
نشوى,Female
نشوة,Female
نشيطة,Female
نصيرة,Female
نظام,Female
نظيرة,Female
نَعم,Female
نعمة,Female
نعناعة,Female
نغم,Female
نفحة,Female
نفيسة,Female
نقايا,Female
نمراء,Female
نمساء,Female
نها,Female
نهال,Female
نهفة,Female
نهيدة,Female
نوارة,Female
نور,Female
نورالزمان,Female
نورالهدى,Female
نوره,Female
نوف,Female
نويره,Female
هاتفة,Female
هادية,Female
هاشمة,Female
هامسة,Female
هانية,Female
هتاف,Female
هدى,Female
هدايا,Female
هدبا,Female
هدلا,Female
هدية,Female
هفاف,Female
هلال,Female
همسة,Female
هناة,Female
هنادي,Female
هفوف,Female
هوى,Female
هوايا,Female
هوذة,Female
هويدة,Female
هيام,Female
هيبة,Female
هيفاء,Female
هيمانة,Female
هائلة,Female
هاجر,Female
هازجة,Female
هالة,Female
هامة,Female
هبة,Female
هتوف,Female
هداد,Female
هدايات,Female
هدراء,Female
هدنى,Female
هزار,Female
هلا,Female
همساء,Female
هناء,Female
هنادة,Female
هِند,Female
هنيدة,Female
هوادة,Female
هودة,Female
هونة,Female
هوينا,Female
هيبانة,Female
هيجمانة,Female
هيلمان,Female
وابلة,Female
واجدة,Female
وارفة,Female
واسلة,Female
واصبة,Female
واضحة,Female
وافرة,Female
وجدان,Female
وجُود,Female
وجيزة,Female
وحيدة,Female
وداد,Female
ودود,Female
وديعة,Female
وردية,Female
وسادة,Female
وسام,Female
وسن,Female
وسيلة,Female
وشاح,Female
وصفاء,Female
وصفية,Female
وضاء,Female
وضحة,Female
وطفاء,Female
وفاء,Female
وفاق,Female
وفيرة,Female
وفية,Female
ولادة,Female
ولهى,Female
ولوع,Female
ونية,Female
وهيبة,Female
وئام,Female
واثقة,Female
وادعة,Female
وازعة,Female
واصلة,Female
واصفة,Female
وافدة,Female
والهة,Female
وجدة,Female
وجيدة,Female
وجيهة,Female
وادع,Female
ودادة,Female
وديدة,Female
وردة,Female
ورود,Female
وساطة,Female
وسامة,Female
وسناء,Female
وسيمة,Female
وصال,Female
وصفه,Female
وصيفة,Female
وِضاح,Female
وضوح,Female
وعد,Female
وفادة,Female
وفقيه,Female
وفيقة,Female
ولاء,Female
ولع,Female
ولهانة,Female
ولية,Female
وهاد,Female
وهية,Female
ياسمين,Female
ياقوتة,Female
يامنة,Female
يُسر,Female
يسرى,Female
يقظى,Female
يقظة,Female
يُمن,Female
ياسرة,Female
يافعة,Female
ياممة,Female
يسارة,Female
يُسر,Female
يُسراء,Female
يقظانة,Female
يمامة,Female
يُمنى,Female
آدم,Male
آسر,Male
أبد,Male
أبدع,Male
أبره,Male
أبسل,Male
أبسم,Male
أبشر,Male
أبلج,Male
أبي,Male
أجاد,Male
أجزل,Male
أجمل,Male
أجوب,Male
أجود,Male
أحسب,Male
أحسن,Male
أحشم,Male
أحمد,Male
أحيد,Male
أخزم,Male
أخير,Male
أخيل,Male
أُدد,Male
أدرد,Male
أدرم,Male
أدغم,Male
أدلم,Male
أدهم,Male
أديب,Male
أربد,Male
أرجح,Male
أرجوان,Male
أرحب,Male
أرحم,Male
أرسلان,Male
أرشد,Male
أرغد,Male
أرقم,Male
أركان,Male
أريج,Male
أزهد,Male
أزهر,Male
أسامة,Male
أسد,Male
أسعد,Male
أسلع,Male
أسلم,Male
أسمح,Male
أسهم,Male
أسيد,Male
أشرف,Male
أشهم,Male
أصلان,Male
أعز,Male
أغلب,Male
أفخر,Male
أفخم,Male
أفصح,Male
أفضل,Male
أفقه,Male
أكثم,Male
أكرم,Male
أكمل,Male
ألمع,Male
ألمعي,Male
أليف,Male
أماثل,Male
أمجد,Male
أمية,Male
أمير,Male
أمين,Male
أنجب,Male
أنجح,Male
أنس,Male
أنف,Male
أنوار,Male
أنور,Male
أنوس,Male
أنيس,Male
أهيف,Male
أهيم,Male
أوس,Male
أويس,Male
أيهم,Male
أيوب,Male
إبراهيم,Male
إحسان,Male
إدام,Male
إدريس,Male
إسحاق,Male
إسماعيل,Male
إعجاز,Male
إكليل,Male
إلفي,Male
إلياس,Male
إمام,Male
إياس,Male
إيمان,Male
إيهاب,Male
ابد,Male
ابدع,Male
ابراهيم,Male
ابره,Male
ابسل,Male
ابسم,Male
ابشر,Male
ابلج,Male
ابي,Male
اجاد,Male
اجزل,Male
اجمل,Male
اجوب,Male
اجود,Male
احسان,Male
احسب,Male
احسن,Male
احشم,Male
احمد,Male
احيد,Male
اخزم,Male
اخير,Male
اخيل,Male
ادام,Male
اُدد,Male
ادرد,Male
ادرم,Male
ادريس,Male
ادغم,Male
ادلم,Male
ادم,Male
ادهم,Male
اديب,Male
اربد,Male
ارجح,Male
ارجوان,Male
ارحب,Male
ارحم,Male
ارسلان,Male
ارشد,Male
ارغد,Male
ارقم,Male
اركان,Male
اريج,Male
ازهد,Male
ازهر,Male
اسامة,Male
اسحاق,Male
اسد,Male
اسر,Male
اسعد,Male
اسلع,Male
اسلم,Male
اسماعيل,Male
اسمح,Male
اسهم,Male
اسيد,Male
اشرف,Male
اشهم,Male
اصلان,Male
اعجاز,Male
اعز,Male
اغلب,Male
افخر,Male
افخم,Male
افصح,Male
افضل,Male
افقه,Male
افكه,Male
افكه,Male
اكثم,Male
اكرم,Male
اكليل,Male
اكمل,Male
الفي,Male
المع,Male
المعي,Male
الياس,Male
اليف,Male
اماثل,Male
امام,Male
امجد,Male
امية,Male
امير,Male
امين,Male
انجب,Male
انجح,Male
انس,Male
انف,Male
انوار,Male
انور,Male
انوس,Male
انيس,Male
اهيف,Male
اهيم,Male
اوس,Male
اويس,Male
اياس,Male
ايمان,Male
ايهاب,Male
ايهم,Male
ايوب,Male
بادي,Male
باذخ,Male
بارح,Male
بارع,Male
بارق,Male
باسق,Male
باسل,Male
باسم,Male
باشر,Male
باشق,Male
باقر,Male
باقي,Male
باكر,Male
باهر,Male
باهي,Male
بُحتري,Male
بحر,Male
بحري,Male
بُحير,Male
بُحيرا,Male
بدر,Male
بدران,Male
بدري,Male
بدوي,Male
بدير,Male
بديل,Male
براء,Male
بّراق,Male
بُرد,Male
بركات,Male
برهان,Male
بريء,Male
بزاز,Male
بسام,Male
بُسر,Male
بسطام,Male
بسمان,Male
بسيط,Male
بسيم,Male
بشار,Male
بشارة,Male
بشاش,Male
بشر,Male
بشوش,Male
بشير,Male
بصير,Male
بطاح,Male
بكار,Male
بكر,Male
بكري,Male
بلال,Male
بلبل,Male
بلسم,Male
بلقان,Male
بليغ,Male
بنان,Male
بندر,Male
بهاء,Male
بهائي,Male
بهلول,Male
بهي,Male
بهيج,Male
تائب,Male
تابع,Male
تاج,Male
تاجي,Male
تالد,Male
تامر,Male
تبع,Male
تحسين,Male
تحفة,Male
تركي,Male
تغلب,Male
تقي,Male
تلال,Male
تليد,Male
تمام,Male
تميم,Male
تهامي,Male
توبة,Male
توقيق,Male
تيسير,Male
تيمور,Male
ثائر,Male
ثابت,Male
ثاني,Male
ثري,Male
ثقيف,Male
ثمود,Male
ثمين,Male
ثوّاب,Male
ثوابالله,Male
جائر,Male
جارم,Male
جازم,Male
جاسر,Male
جاسم,Male
جامع,Male
جاهد,Male
جاويد,Male
جبري,Male
جبل,Male
جبير,Male
جدول,Male
جدير,Male
جرهم,Male
جروان,Male
جرير,Male
جعفر,Male
جلا,Male
جلال,Male
جلوان,Male
جليس,Male
جليل,Male
جمال,Male
جمال,Male
جمعة,Male
جموح,Male
جميل,Male
جناد,Male
جندب,Male
جنيد,Male
جهاد,Male
حائم,Male
حاتم,Male
حادر,Male
حاذق,Male
حارث,Male
حارث,Male
حارثة,Male
حارثة,Male
حارس,Male
حازر,Male
حازر,Male
حازم,Male
حازم,Male
حاسب,Male
حاسم,Male
حاشد,Male
حاطب,Male
حافظ,Male
حافل,Male
حاكم,Male
حام,Male
حامد,Male
حامز,Male
حباب,Male
حبان,Male
حبيب,Male
حبيش,Male
حجاج,Male
حديج,Male
حديد,Male
حدير,Male
حذيفة,Male
حرملة,Male
حريث,Male
حريز,Male
حزام,Male
حزم,Male
حسام,Male
حسان,Male
حسني,Male
حسيب,Male
حشيم,Male
حصني,Male
حصين,Male
حضور,Male
حفي,Male
حفيد,Male
حقي,Male
حقيقي,Male
حكم,Male
حكمة,Male
حلال,Male
حليل,Male
حماد,Male
حمال,Male
حمدون,Male
حمزة,Male
حمودة,Male
حميدو,Male
حنيف,Male
حوريث,Male
حياتي,Male
حيدر,Male
خاتم,Male
خادر,Male
خارجة,Male
خازم,Male
خازن,Male
خاشع,Male
خاطب,Male
خاطر,Male
خاطر,Male
خافق,Male
خالد,Male
خالص,Male
خباب,Male
خبير,Male
خديج,Male
خريم,Male
خزاعي,Male
خزام,Male
خصي,Male
خضر,Male
خضير,Male
خطاب,Male
خطار,Male
خطير,Male
خفاجة,Male
خفير,Male
خفيف,Male
خلاد,Male
خلدون,Male
خلف,Male
خلوصي,Male
خلوق,Male
خليفة,Male
خليل,Male
خمير,Male
خميس,Male
خويلد,Male
خيالي,Male
خيثم,Male
خير,Male
خيري,Male
دؤوب,Male
دائب,Male
دائم,Male
دارج,Male
دارع,Male
داري,Male
داغر,Male
دامث,Male
دامس,Male
داني,Male
دانيال,Male
داهش,Male
داهي,Male
داوود,Male
دباح,Male
دحام,Male
دحلان,Male
دحية,Male
دحيم,Male
در,Male
درار,Male
دراك,Male
درباس,Male
درع,Male
درغام,Male
درويش,Male
دري,Male
دريب,Male
دريد,Male
درير,Male
دعاس,Male
دعيج,Male
دفاع,Male
دفاع,Male
دلامة,Male
دلف,Male
دلوف,Male
دليف,Male
دليل,Male
دهمان,Male
دهير,Male
دهيم,Male
دوسر,Male
دياب,Male
ديان,Male
ديب,Male
ديسق,Male
ذؤيب,Male
ذائد,Male
ذائق,Male
ذاتي,Male
ذاخر,Male
ذروة,Male
ذكوان,Male
ذكي,Male
ذليق,Male
ذمام,Male
ذمة,Male
ذمر,Male
ذهل,Male
ذهني,Male
ذهيل,Male
ذهين,Male
ذوالفقار,Male
ذيبان,Male
رؤوف,Male
رؤوف,Male
رئال,Male
رئبال,Male
رئيف,Male
رئيف,Male
رائب,Male
رائد,Male
رائع,Male
رائف,Male
رائف,Male
رائق,Male
رابح,Male
رابي,Male
راتب,Male
راتق,Male
راثد,Male
راجح,Male
راجي,Male
راحب,Male
راحم,Male
رادس,Male
رادع,Male
رادن,Male
رازح,Male
رازم,Male
راسخ,Male
راسم,Male
راشد,Male
راضي,Male
راعي,Male
راغب,Male
راغد,Male
رافة,Male
رافد,Male
رافغ,Male
رافي,Male
راقب,Male
راقم,Male
راكد,Male
راكز,Male
راكن,Male
رامح,Male
رامش,Male
رامق,Male
رامي,Male
راني,Male
راهف,Male
راهي,Male
راية,Male
رايج,Male
رباح,Male
ربان,Male
ربحي,Male
ربعة,Male
ربيح,Male
ربيز,Male
ربيع,Male
ربيعة,Male
رتيب,Male
رتيم,Male
رجائي,Male
رجب,Male
رجوان,Male
رجيح,Male
رحال,Male
رحيل,Male
رخيم,Male
ردمان,Male
رديف,Male
ردين,Male
رزام,Male
رزان,Male
رزيح,Male
رزيم,Male
رستم,Male
رسمي,Male
رسول,Male
رسيم,Male
رشاد,Male
رشادي,Male
رشد,Male
رشيد,Male
رشيف,Male
رشيق,Male
رصين,Male
رضا,Male
رضائي,Male
رضوان,Male
رضى,Male
رغاب,Male
رغدان,Male
رغيد,Male
رفا,Male
رفاعة,Male
رفاعي,Male
رفعت,Male
رفقي,Male
رفيد,Male
رفيع,Male
رفيق,Male
رقيق,Male
رقيم,Male
ركان,Male
ركن,Male
ركين,Male
رماح,Male
رمحي,Male
رمزي,Male
رمضان,Male
رميح,Male
رميز,Male
رنيم,Male
رهان,Male
رهيب,Male
رهيد,Male
رهيف,Male
رهيم,Male
روح,Male
روحان,Male
رونق,Male
رياح,Male
ريادة,Male
رياض,Male
ريان,Male
ريس,Male
ريم,Male
زاجر,Male
زاجل,Male
زاخر,Male
زافر,Male
زاكي,Male
زاهد,Male
زاهر,Male
زاهل,Male
زاهي,Male
زايد,Male
زبير,Male
زجاج,Male
زجار,Male
زخر,Male
زخران,Male
زخرف,Male
زخري,Male
زعزع,Male
زعلول,Male
زعيم,Male
زفاف,Male
زفان,Male
زفر,Male
زكائي,Male
زكريا,Male
زكنون,Male
زكوان,Male
زكين,Male
زناد,Male
زنام,Male
زند,Male
زنكي,Male
زنيم,Male
زهد,Male
زهدي,Male
زهر,Male
زهران,Male
زهري,Male
زهوان,Male
زهي,Male
زهيد,Male
زهير,Male
زوار,Male
زوبعة,Male
زياد,Male
زيان,Male
زيد,Male
زيدان,Male
زيدوان,Male
زيدي,Male
زين,Male
زينالعابدين,Male
سائب,Male
سائد,Male
سائر,Male
سابغ,Male
سابق,Male
ساتر,Male
ساجع,Male
ساجي,Male
ساحق,Male
سادح,Male
سادن,Male
سارح,Male
ساري,Male
سارية,Male
ساطع,Male
ساعدة,Male
ساقي,Male
سالم,Male
سام,Male
سامد,Male
سامر,Male
سامع,Male
سامل,Male
ساهر,Male
ساهي,Male
سباء,Male
سباق,Male
سبع,Male
سبيع,Male
سجي,Male
سجيح,Male
سجيع,Male
سجيل,Male
سحمان,Male
سحيم,Male
سخاء,Male
سخائي,Male
سخي,Male
سَدّاد,Male
سِدَاد,Male
سديد,Male
سدير,Male
سديف,Male
سديل,Male
سديم,Male
سراج,Male
سرحان,Male
سرمد,Male
سرور,Male
سُرَّي,Male
سرياح,Male
سريع,Male
سَطَّام,Male
سِطَّام,Male
سطوة,Male
سطيح,Male
سعد,Male
سعدالله,Male
سعدو,Male
سعدون,Male
سعدي,Male
سعفة,Male
سعود,Male
سعيد,Male
سفدان,Male
سفدان,Male
سفدان,Male
سفيان,Male
سفيان,Male
سفيان,Male
سفيد,Male
سفيد,Male
سفيد,Male
سفيع,Male
سفينة,Male
سكرية,Male
سكرية,Male
سلاف,Male
سلام,Male
سلام,Male
سلامة,Male
سلامي,Male
سلطان,Male
سلفة,Male
سلم,Male
سلمان,Male
سلمة,Male
سليك,Male
سليمان,Male
سماح,Male
سمعان,Male
سموح,Male
سمير,Male
سنبل,Male
سني,Male
سهران,Male
سهل,Male
سهلان,Male
سهيل,Male
سوار,Male
سوسان,Male
سويد,Male
سيار,Male
سيد,Male
سيران,Male
سيف,Male
شادن,Male
شادي,Male
شارح,Male
شارد,Male
شاطر,Male
شافع,Male
شافعي,Male
شافي,Male
شاكر,Male
شامخ,Male
شامل,Male
شاهب,Male
شاهد,Male
شاهر,Male
شاهق,Male
شاهي,Male
شاهين,Male
شاور,Male
شبابة,Male
شبام,Male
شبعان,Male
شبل,Male
شبلي,Male
شبيب,Male
شتيوي,Male
شجاع,Male
شجيع,Male
شجيع,Male
شداد,Male
شديد,Male
شراع,Male
شرحبيل,Male
شرف,Male
شريح,Male
شريد,Male
شريف,Male
شعار,Male
شعاع,Male
شعبان,Male
شعبة,Male
شعل,Male
شعلة,Male
شعيب,Male
شفوق,Male
شفيع,Male
شفيق,Male
شقران,Male
شقيق,Male
شكران,Male
شكري,Male
شكور,Male
شكيب,Male
شكيم,Male
شلال,Male
شماخ,Male
شماس,Male
شمدين,Male
شمروخ,Male
شمرول,Male
شمس,Male
شمسي,Male
شمعة,Male
شموخ,Male
شمول,Male
شميل,Male
شهاب,Male
شهامة,Male
شهد,Male
شهدان,Male
شهدي,Male
شهرور,Male
شهل,Male
شهم,Male
شهوان,Male
شهيد,Male
شهير,Male
شهيم,Male
شوقي,Male
شوكة,Male
شيبان,Male
شيحان,Male
شيخان,Male
صائب,Male
صائم,Male
صائن,Male
صابر,Male
صاحب,Male
صاحي,Male
صادح,Male
صادع,Male
صادق,Male
صارد,Male
صارم,Male
صاعد,Male
صافي,Male
صالح,Male
صامد,Male
صبا,Male
صباح,Male
صباحي,Male
صبري,Male
صبوح,Male
صبور,Male
صبيح,Male
صحار,Male
صخر,Male
صداح,Male
صدام,Male
صدقي,Male
صدوح,Male
صدوق,Male
صديق,Male
صراح,Male
صريح,Male
صعب,Male
صعود,Male
صفا,Male
صفائي,Male
صفوان,Male
صفوة,Male
صفوح,Male
صفي,Male
صلاح,Male
صلحي,Male
صميم,Male
صنديد,Male
صنوان,Male
صهبان,Male
صهيب,Male
صواب,Male
صوابي,Male
صوان,Male
صولة,Male
صوى,Male
صويلح,Male
صياح,Male
صيدح,Male
ضاحك,Male
ضاحي,Male
ضارع,Male
ضاري,Male
ضامر,Male
ضامن,Male
ضاهر,Male
ضاوي,Male
ضبير,Male
ضحاك,Male
ضرار,Male
ضرغام,Male
ضياء,Male
ضياف,Male
ضيغم,Male
طائع,Male
طارق,Male
طالب,Male
طالع,Male
طامح,Male
طاهر,Male
طاووس,Male
طراد,Male
طرفة,Male
طروق,Male
طريف,Male
طفاح,Male
طفيف,Male
طفيل,Male
طلاب,Male
طلال,Male
طلبة,Male
طلحة,Male
طلق,Male
طموح,Male
طه,Male
طهور,Male
طهير,Male
طواف,Male
طيب,Male
ظافر,Male
ظالم,Male
ظاهر,Male
ظبيان,Male
ظريف,Male
ظفار,Male
ظفر,Male
ظفير,Male
ظلال,Male
ظلام,Male
ظلوم,Male
ظليل,Male
ظهور,Male
ظهير,Male
عائد,Male
عابد,Male
عابدين,Male
عابر,Male
عاتك,Male
عاجب,Male
عاجل,Male
عاد,Male
عادل,Male
عادن,Male
عادي,Male
عاذر,Male
عارف,Male
عارم,Male
عازم,Male
عاشر,Male
عاشق,Male
عاشور,Male
عاصف,Male
عاصم,Male
عاصي,Male
عاطر,Male
عاطف,Male
عافي,Male
عاقل,Male
عاكف,Male
عالم,Male
عالي,Male
عامر,Male
عامل,Male
عاهد,Male
عايد,Male
عايش,Male
عايق,Male
عبد,Male
عبدالبارئ,Male
عبدالباسط,Male
عبدالباقي,Male
عبدالبديع,Male
عبدالبصير,Male
عبدالتواب,Male
عبدالجبار,Male
عبدالجليل,Male
عبدالحسيب,Male
عبدالحفيظ,Male
عبدالحق,Male
عبدالحكم,Male
عبدالحكيم,Male
عبدالحليم,Male
عبدالحي,Male
عبدالخالق,Male
عبدالرافع,Male
عبدالرحمن,Male
عبدالرحيم,Male
عبدالرزاق,Male
عبدالسلام,Male
عبدالسميع,Male
عبدالشكور,Male
عبدالصمد,Male
عبدالعزيز,Male
عبدالعظيم,Male
عبدالعليم,Male
عبدالغفار,Male
عبدالغفور,Male
عبدالغفور,Male
عبدالفتاح,Male
عبدالقابض,Male
عبدالقادر,Male
عبدالقدوس,Male
عبدالقهار,Male
عبدالكريم,Male
عبداللطيف,Male
عبدالله,Male
عبدالماجد,Male
عبدالمتكبر,Male
عبدالمتين,Male
عبدالمجيب,Male
عبدالمجيد,Male
عبدالمحيي,Male
عبدالمعز,Male
عبدالمقتدر,Male
عبدالمقدم,Male
عبدالملك,Male
عبدالمهيمن,Male
عبدالنور,Male
عبدالهادي,Male
عبدالواجد,Male
عبدالواحد,Male
عبدالوارث,Male
عبدالوالي,Male
عبدالودود,Male
عبدالوهّاب,Male
عتبة,Male
عدي,Male
عديل,Male
عرابة,Male
عرادة,Male
عراف,Male
عرفان,Male
عرفة,Male
عرندس,Male
عروة,Male
عريب,Male
عرين,Male
عز,Male
عزاز,Male
عزام,Male
عزت,Male
عزمي,Male
عزيز,Male
عساف,Male
عسوب,Male
عصام,Male
عصفور,Male
عطفي,Male
عظيم,Male
عفان,Male
عفير,Male
عفيف,Male
عقبة,Male
عقل,Male
عقيل,Male
عكاشة,Male
عكنان,Male
علاء,Male
علامة,Male
علم,Male
علوان,Male
عليان,Male
عماد,Male
عمار,Male
عمارة,Male
عمر,Male
عمران,Male
عميم,Male
عنتر,Male
عنترة,Male
عنين,Male
عهدي,Male
عون,Male
عياد,Male
عياش,Male
عيشي,Male
غادي,Male
غارس,Male
غازي,Male
غاسق,Male
غافق,Male
غالب,Male
غالي,Male
غامد,Male
غامر,Male
غانم,Male
غاني,Male
غاوي,Male
غتوان,Male
غدير,Male
غراب,Male
غراس,Male
غرام,Male
غريب,Male
غريد,Male
غريم,Male
غزال,Male
غزوان,Male
غزير,Male
غسان,Male
غصاب,Male
غصوب,Male
غضنفر,Male
غطفان,Male
غفار,Male
غلا,Male
غلاب,Male
غنوم,Male
غنيم,Male
غوار,Male
غياث,Male
غيهب,Male
فؤاد,Male
فائز,Male
فائق,Male
فاتح,Male
فاتك,Male
فاطن,Male
فالح,Male
فتحي,Male
فجري,Male
فخار,Male
فخامة,Male
فخري,Male
فخور,Male
فدائي,Male
فدعان,Male
فراس,Male
فرج,Male
فرحان,Male
فرحون,Male
فريد,Male
فريز,Male
فضل,Male
فناح,Male
فهد,Male
فهم,Male
فهمان,Male
فهمي,Male
فواز,Male
فوزي,Male
فياح,Male
فياض,Male
فيصل,Male
فيض,Male
فيضي,Male
فيلق,Male
قابس,Male
قابل,Male
قابوس,Male
قادر,Male
قادس,Male
قادم,Male
قارس,Male
قاسط,Male
قاسم,Male
قاصد,Male
قاطن,Male
قانت,Male
قانع,Male
قاني,Male
قاهي,Male
قبولي,Male
قتار,Male
قتبان,Male
قثم,Male
قدير,Male
قذيف,Male
قريب,Male
قرير,Male
قريش,Male
قصام,Male
قصي,Male
قطام,Male
قعقاع,Male
قليب,Male
قميط,Male
قنوان,Male
قنوت,Male
قنوع,Male
قنيع,Male
قوي,Male
قيس,Male
كائن,Male
كاتب,Male
كاتم,Male
كاثر,Male
كارم,Male
كاسب,Male
كاسر,Male
كاشف,Male
كاظم,Male
كاغد,Male
كافي,Male
كامل,Male
كامي,Male
كانز,Male
كانن,Male
كاهل,Male
كايد,Male
كتوم,Male
كثيب,Male
كحيل,Male
كرام,Male
كرز,Male
كرم,Male
كريم,Male
كساب,Male
كسوب,Male
كعب,Male
كفاح,Male
كليم,Male
كميت,Male
كنعان,Male
كنين,Male
كهل,Male
كهلان,Male
كوثر,Male
كيداد,Male
لؤي,Male
لاحظ,Male
لاحق,Male
لالا,Male
لامة,Male
لامح,Male
لامس,Male
لامع,Male
لاهز,Male
لايق,Male
لباب,Male
لبوان,Male
لبيب,Male
لبيد,Male
لجين,Male
لطافة,Male
لطفي,Male
لطوف,Male
لطيف,Male
لقيط,Male
لماح,Male
لميع,Male
لهيف,Male
لهيم,Male
لواء,Male
لوط,Male
ليث,Male
ليثي,Male
مائد,Male
ماثد,Male
ماجد,Male
مادح,Male
مادن,Male
مارد,Male
مارن,Male
مازن,Male
ماهي,Male
مايز,Male
مبادر,Male
مبارز,Male
مبارك,Male
مباشر,Male
مباهي,Male
مبتغي,Male
مبتهج,Male
مبجل,Male
مبرور,Male
مبروك,Male
مبسوط,Male
مبشر,Male
مبين,Male
متبسل,Male
متحد,Male
متروك,Male
متعب,Male
متمم,Male
متوكل,Male
متين,Male
مثبت,Male
مثلج,Male
مجاهد,Male
مجتبى,Male
مجير,Male
محمد,Male
محمود,Male
مخبر,Male
مختار,Male
مخدوم,Male
مخزوم,Male
مخلد,Male
مران,Male
مرتد,Male
مرجان,Male
مرداس,Male
نائل,Male
نابغ,Male
نابغة,Male
ناجح,Male
ناجي,Male
نادر,Male
ناشد,Male
ناصح,Male
ناصر,Male
ناظر,Male
ناظم,Male
نافل,Male
نامق,Male
ناهض,Male
نايف,Male
نبهان,Male
نبيل,Male
نبيه,Male
نجاتي,Male
نجل,Male
نجم,Male
نجيب,Male
نجيبالدين,Male
نجيع,Male
نديم,Male
نذير,Male
نزار,Male
نزيه,Male
نسر,Male
نسيب,Male
نسيم,Male
نشمي,Male
نصار,Male
نصر,Male
نصرالدين,Male
نصيب,Male
نصيرالدين,Male
نضال,Male
نضر,Male
نظام,Male
نعمان,Male
نعمةالله,Male
نعيم,Male
نعيمالدين,Male
نفوذ,Male
نفيس,Male
نفيع,Male
نقاء,Male
نمر,Male
نمير,Male
نهاد,Male
نواف,Male
نوح,Male
نور,Male
نور,Male
نورالحق,Male
نورالدين,Male
نورالله,Male
نوران,Male
نوفل,Male
نيزك,Male
هائل,Male
هائم,Male
هاجد,Male
هارون,Male
هرماس,Male
هصور,Male
هلاب,Male
هماس,Male
همام,Male
هواس,Male
هوام,Male
هيصر,Male
هيصم,Male
هيمان,Male
وابل,Male
واجد,Male
وادع,Male
وارع,Male
وارف,Male
واكف,Male
وجيه,Male
ورد,Male
وردان,Male
وسيم,Male
وليف,Male
يافع,Male
يامن,Male
يانع,Male
يحيى,Male
يقظان,Male
يمان,Male
ينيع,Male